BEWF1629,1AZrmjsM,F,3
mtAy9264,J7yvrB3V,F,1
RyDn2456,RKPriAM4,M,4
lvnL6924,LNqRZsgP,F,1
ezDU2739,ACT3dYHv,M,2
Amkz1342,0tKFLVH3,F,1
PxYb5362,dJfjWpiS,F,3
gxSV6482,TQsm6XvO,M,5
cHbd5632,Pz82v1HU,F,4
YgrI5389,xbgI1L3c,M,4
JFiV1924,IXtQGZM3,M,4
NlOc6084,NCtcbT3R,F,1
utWO8531,B1gNAWic,F,1
TQSm3218,MVnP5LHw,M,1
xwsJ6807,LHoM1ndE,M,2
onds4205,hz6SFb8H,M,5
JdUE6537,TiYlxI95,F,3
yzvO5407,D84WAXtT,F,2
ktMT8427,ZuaKSCej,M,2
EahU8376,7sPFOzJL,F,4
GlpV7619,V1CWfglR,M,5
qTdg2045,mLNoKDW2,F,1
PVRk3654,xNXtm9lP,F,3
crRB8405,otKxyAXJ,F,1
LYIK2983,j4kobS0z,M,2
pDRj2807,ZPmn380U,F,3
ibPz1865,qU76PvhX,F,5
EBhw8734,pHR3QsKV,F,1
cGUP9342,WgrdM8lL,M,5
hIaG1739,s7cSLmhn,F,2
mGAM3425,gLOKHhbW,F,1
VNjC5097,dYT2sr1m,M,5
UaSw6324,fWco2myb,F,4
JFyU0782,i3vQ1wTc,M,4
oRYf6758,ljMX06h2,M,2
Adbh1280,DNfuGUZ4,M,2
hetO4582,0pfu3d95,F,5
GUJQ0542,9pVvDKJ7,F,4
LYpC5769,znjP1VUw,F,5
VpIW2508,6qJKbr4Y,F,3
XUAl2358,SqGofyW0,F,3
Jyan8324,0BCM7qvJ,F,1
lOWZ6941,NsjCdBAt,F,5
MSpG2316,aSYuhAig,F,3
kZFa6458,6dieEWx0,F,5
WRmj1579,UvKtmqD7,F,2
AZEX8327,CiKUrZzY,F,1
HvSV2531,V5KSsxNu,M,2
AhnI7824,TZFQo9dW,M,3
Kidw1590,bI4Giz3D,F,1
raMG2069,tBXgSpD6,M,5
gyqB5432,UjzKYAso,F,2
CmWc5387,sjYyVcBr,M,4
eENp5214,gjVTNBSR,M,2
jWCb7826,315FAWDz,F,1
hCTj3870,30bxeji7,M,3
YtWX2591,O0ShRqEk,M,1
VhAI8401,M780ixoY,F,3
kLAY6985,kgUOY0LB,M,2
nbhc8134,9aVerLZv,F,1
XVWY5897,nOuah8zK,F,4
WQGx8791,fVzpnWEJ,M,4
xEvG7263,ouVDnbGI,M,3
jEpe8465,CMteD2dw,M,4
OPlc4367,CD5iFhtp,F,1
OkDT6527,V6YclxDn,M,1
cgzm0185,vgbDanCs,M,1
vVtU8734,ke7DYz0i,M,3
EsQp4265,9FOKVQzm,F,3
PzSO9408,Xw5nUDLf,F,1
aNBH0734,AE9y8a0d,F,1
KGuf0197,WTqhsUMg,M,4
dnTf4127,jEpsfFIv,M,4
LhOJ9510,16jDF7Gb,M,4
XoZV5743,ohmr4pSz,F,5
tpAS6478,RXFNHn9L,F,4
rVlf7531,PKGcF9Jr,F,5
LeJv1034,KT9aBV1x,F,1
zDnM3579,F1z6sicN,M,1
XhQJ2315,ZeWd13Dl,F,1
gQoB4521,0ABv8Eny,F,2
cDjX2396,xU67pvVu,F,3
pJbf9672,47pMDNYE,F,2
NWxw5083,0V7NaTIy,M,4
vfAI7482,W3y2eV8Q,M,1
pOEe2314,pqwROAfk,M,4
PNDa6728,JPM6Kyvm,M,4
JEoM3697,5SNH791r,F,5
nXRr2518,FDhUgIAT,F,1
fZyq0619,fSquhVmQ,M,1
XrKL8632,VrQWshFi,F,3
yPCJ9863,dz0bEUeK,F,2
UgpI9480,XPD5aNCF,F,1
fKhx8946,BiuqTX4C,M,1
RQvj4527,tLK8SRCG,F,2
MBay4681,VhPJD8my,M,3
fzHG2395,qPYZrupn,M,4
xtZH9345,rBdvaHxK,M,1
xSBw8703,YrcH7imU,F,5
YVBT6901,F9cMh5Gv,M,4
